id_obra,orcamento_estimado,rating_confiabilidade,taxa_insucesso_fornecedor,complexidade_obra,risco_etapa,nivel_chuva,tipo_solo,material,cidade,etapa
CCBJJ-100,22614295.91,1.0,0.09,16.93409287086845,12.6,47,argiloso,areia,recife,fundação
CCBJJ-100,22614295.91,2.4,0.32,16.93409287086845,9.7,47,argiloso,madeira,recife,estrutura
CCBJJ-100,22614295.91,4.2,0.22,16.93409287086845,6.6,47,argiloso,aço,recife,acabamento
CCBJJ-101,24326708.52,4.8,0.17,17.007085461881427,6.4,307,argiloso,areia,são paulo,fundação
CCBJJ-101,24326708.52,3.6,0.1,17.007085461881427,5.6,307,argiloso,aço,são paulo,estrutura
CCBJJ-101,24326708.52,4.4,0.13,17.007085461881427,6.4,307,argiloso,revestimento,são paulo,acabamento
CCBJJ-102,26662091.67,3.8,0.38,17.098753364382972,3.6,132,rochoso,areia,fortaleza,fundação
CCBJJ-102,26662091.67,4.3,0.06,17.098753364382972,5.2,132,rochoso,aço,fortaleza,estrutura
CCBJJ-102,26662091.67,3.4,0.27,17.098753364382972,6.0,132,rochoso,aço,fortaleza,acabamento
CCBJJ-103,16335257.56,3.9,0.4,16.608836431480956,11.1,135,argiloso,madeira,salvador,fundação
CCBJJ-103,16335257.56,3.4,0.19,16.608836431480956,7.7,135,argiloso,madeira,salvador,estrutura
CCBJJ-103,16335257.56,1.4,0.1,16.608836431480956,7.3,135,argiloso,piso,salvador,acabamento
CCBJJ-104,14254524.18,4.6,0.11,16.472584970759772,5.4,185,rochoso,brita,rio de janeiro,fundação
CCBJJ-104,14254524.18,1.0,0.1,16.472584970759772,13.9,185,rochoso,cimento,rio de janeiro,estrutura
CCBJJ-104,14254524.18,3.6,0.14,16.472584970759772,5.2,185,rochoso,aço,rio de janeiro,acabamento
CCBJJ-105,22545507.84,4.2,0.39,16.931046439553793,11.8,334,argiloso,cimento,são paulo,fundação
CCBJJ-105,22545507.84,1.4,0.43,16.931046439553793,9.4,334,argiloso,cimento,são paulo,estrutura
CCBJJ-105,22545507.84,1.1,0.08,16.931046439553793,8.5,334,argiloso,tintas,são paulo,acabamento
CCBJJ-106,18353496.93,1.9,0.21,16.7253307371869,18.0,32,argiloso,cimento,rio de janeiro,fundação
CCBJJ-106,18353496.93,2.4,0.14,16.7253307371869,14.0,32,argiloso,madeira,rio de janeiro,estrutura
CCBJJ-106,18353496.93,1.4,0.08,16.7253307371869,9.4,32,argiloso,tintas,rio de janeiro,acabamento
CCBJJ-107,16556505.3,1.0,0.1,16.622289712441397,19.1,465,argiloso,areia,curitiba,fundação
CCBJJ-107,16556505.3,3.2,0.38,16.622289712441397,5.7,465,argiloso,cimento,curitiba,estrutura
CCBJJ-107,16556505.3,1.1,0.42,16.622289712441397,14.5,465,argiloso,revestimento,curitiba,acabamento
CCBJJ-108,22115356.27,4.9,0.21,16.91178282425242,12.4,746,argiloso,madeira,recife,fundação
CCBJJ-108,22115356.27,4.8,0.08,16.91178282425242,5.5,746,argiloso,madeira,recife,estrutura
CCBJJ-108,22115356.27,2.7,0.29,16.91178282425242,14.4,746,argiloso,piso,recife,acabamento
CCBJJ-109,25545064.85,4.6,0.38,17.055954738547587,10.4,718,siltoso,brita,salvador,fundação
CCBJJ-109,25545064.85,4.2,0.24,17.055954738547587,16.7,718,siltoso,aço,salvador,estrutura
CCBJJ-109,25545064.85,1.8,0.45,17.055954738547587,13.5,718,siltoso,piso,salvador,acabamento
CCBJJ-110,11693521.9,1.9,0.19,16.274545648185274,12.8,511,rochoso,brita,rio de janeiro,fundação
CCBJJ-110,11693521.9,2.7,0.18,16.274545648185274,10.2,511,rochoso,madeira,rio de janeiro,estrutura
CCBJJ-110,11693521.9,1.9,0.38,16.274545648185274,15.4,511,rochoso,revestimento,rio de janeiro,acabamento
CCBJJ-111,10315663.6,4.2,0.18,16.14917413285304,8.4,288,siltoso,cimento,belo horizonte,fundação
CCBJJ-111,10315663.6,2.5,0.31,16.14917413285304,5.3,288,siltoso,aço,belo horizonte,estrutura
CCBJJ-111,10315663.6,1.1,0.26,16.14917413285304,12.0,288,siltoso,aço,belo horizonte,acabamento
CCBJJ-112,27117078.85,3.4,0.13,17.11567434009159,13.4,82,argiloso,madeira,belo horizonte,fundação
CCBJJ-112,27117078.85,4.9,0.4,17.11567434009159,4.9,82,argiloso,cimento,belo horizonte,estrutura
CCBJJ-112,27117078.85,1.6,0.29,17.11567434009159,9.7,82,argiloso,piso,belo horizonte,acabamento
CCBJJ-113,11622004.16,3.0,0.21,16.268410855602635,9.7,595,rochoso,areia,rio de janeiro,fundação
CCBJJ-113,11622004.16,3.2,0.25,16.268410855602635,3.1,595,rochoso,madeira,rio de janeiro,estrutura
CCBJJ-113,11622004.16,3.0,0.15,16.268410855602635,9.4,595,rochoso,tintas,rio de janeiro,acabamento
CCBJJ-114,23675345.29,3.6,0.16,16.979944823750987,7.1,101,siltoso,areia,fortaleza,fundação
CCBJJ-114,23675345.29,2.7,0.38,16.979944823750987,3.7,101,siltoso,cimento,fortaleza,estrutura
CCBJJ-114,23675345.29,1.3,0.28,16.979944823750987,16.1,101,siltoso,aço,fortaleza,acabamento
CCBJJ-115,14049911.09,3.4,0.24,16.45812669678495,6.0,581,siltoso,madeira,manaus,fundação
CCBJJ-115,14049911.09,2.3,0.23,16.45812669678495,14.1,581,siltoso,cimento,manaus,estrutura
CCBJJ-115,14049911.09,4.2,0.15,16.45812669678495,5.5,581,siltoso,aço,manaus,acabamento
CCBJJ-116,7272735.3,2.4,0.18,15.799643161089016,9.7,74,arenoso,madeira,recife,fundação
CCBJJ-116,7272735.3,1.6,0.2,15.799643161089016,14.9,74,arenoso,aço,recife,estrutura
CCBJJ-116,7272735.3,2.5,0.25,15.799643161089016,1.0,74,arenoso,revestimento,recife,acabamento
CCBJJ-117,8821032.98,3.8,0.4,15.99264965240444,4.5,132,siltoso,madeira,manaus,fundação
CCBJJ-117,8821032.98,2.3,0.06,15.99264965240444,12.6,132,siltoso,cimento,manaus,estrutura
CCBJJ-117,8821032.98,1.6,0.33,15.99264965240444,15.3,132,siltoso,aço,manaus,acabamento
CCBJJ-118,19910225.77,1.4,0.3,16.806744065729408,14.2,354,siltoso,cimento,fortaleza,fundação
CCBJJ-118,19910225.77,3.9,0.3,16.806744065729408,1.4,354,siltoso,madeira,fortaleza,estrutura
CCBJJ-118,19910225.77,1.8,0.45,16.806744065729408,12.9,354,siltoso,piso,fortaleza,acabamento
CCBJJ-119,19897210.71,3.0,0.33,16.80609016480231,6.9,678,rochoso,areia,belo horizonte,fundação
CCBJJ-119,19897210.71,4.4,0.41,16.80609016480231,7.6,678,rochoso,aço,belo horizonte,estrutura
CCBJJ-119,19897210.71,1.4,0.15,16.80609016480231,13.8,678,rochoso,tintas,belo horizonte,acabamento
CCBJJ-120,29276959.44,1.1,0.12,17.192311431559453,11.8,204,arenoso,brita,recife,fundação
CCBJJ-120,29276959.44,3.6,0.25,17.192311431559453,5.5,204,arenoso,cimento,recife,estrutura
CCBJJ-120,29276959.44,1.1,0.15,17.192311431559453,11.9,204,arenoso,aço,recife,acabamento
CCBJJ-121,22042759.23,3.9,0.45,16.90849477170328,6.5,383,rochoso,areia,belém,fundação
CCBJJ-121,22042759.23,3.5,0.13,16.90849477170328,4.0,383,rochoso,aço,belém,estrutura
CCBJJ-121,22042759.23,1.4,0.2,16.90849477170328,10.1,383,rochoso,revestimento,belém,acabamento
CCBJJ-122,24214968.32,1.4,0.44,17.00248156683539,11.9,52,arenoso,cimento,salvador,fundação
CCBJJ-122,24214968.32,4.2,0.41,17.00248156683539,11.3,52,arenoso,madeira,salvador,estrutura
CCBJJ-122,24214968.32,2.7,0.36,17.00248156683539,0.0,52,arenoso,tintas,salvador,acabamento
CCBJJ-123,12337503.22,1.4,0.13,16.328154304770422,10.6,681,siltoso,brita,manaus,fundação
CCBJJ-123,12337503.22,1.4,0.3,16.328154304770422,19.9,681,siltoso,madeira,manaus,estrutura
CCBJJ-123,12337503.22,4.8,0.37,16.328154304770422,5.8,681,siltoso,tintas,manaus,acabamento
CCBJJ-124,5081132.9,4.2,0.41,15.441045003308735,9.2,122,argiloso,brita,curitiba,fundação
CCBJJ-124,5081132.9,2.7,0.1,15.441045003308735,10.9,122,argiloso,cimento,curitiba,estrutura
CCBJJ-124,5081132.9,3.2,0.25,15.441045003308735,3.8,122,argiloso,aço,curitiba,acabamento
CCBJJ-125,17692041.87,4.3,0.35,16.688625541096517,4.2,332,rochoso,cimento,são paulo,fundação
CCBJJ-125,17692041.87,2.3,0.11,16.688625541096517,8.2,332,rochoso,aço,são paulo,estrutura
CCBJJ-125,17692041.87,4.6,0.16,16.688625541096517,2.4,332,rochoso,revestimento,são paulo,acabamento
CCBJJ-126,26041733.7,3.4,0.2,17.07521098982932,15.4,628,argiloso,brita,belém,fundação
CCBJJ-126,26041733.7,1.1,0.24,17.07521098982932,13.1,628,argiloso,cimento,belém,estrutura
CCBJJ-126,26041733.7,3.4,0.08,17.07521098982932,7.6,628,argiloso,tintas,belém,acabamento
CCBJJ-127,8820981.71,3.6,0.43,15.992643840143757,3.3,76,arenoso,cimento,manaus,fundação
CCBJJ-127,8820981.71,4.2,0.14,15.992643840143757,5.3,76,arenoso,madeira,manaus,estrutura
CCBJJ-127,8820981.71,4.2,0.32,15.992643840143757,3.7,76,arenoso,tintas,manaus,acabamento
CCBJJ-128,19973614.61,1.1,0.31,16.809922741082165,18.7,454,arenoso,areia,belo horizonte,fundação
CCBJJ-128,19973614.61,3.9,0.06,16.809922741082165,8.0,454,arenoso,aço,belo horizonte,estrutura
CCBJJ-128,19973614.61,1.6,0.39,16.809922741082165,23.6,454,arenoso,revestimento,belo horizonte,acabamento
CCBJJ-129,7796693.13,4.3,0.21,15.869210372331537,3.5,92,rochoso,madeira,salvador,fundação
CCBJJ-129,7796693.13,1.1,0.09,15.869210372331537,7.6,92,rochoso,aço,salvador,estrutura
CCBJJ-129,7796693.13,1.9,0.07,15.869210372331537,12.5,92,rochoso,tintas,salvador,acabamento
CCBJJ-130,10986307.76,4.9,0.14,16.2121603973505,11.4,630,arenoso,brita,rio de janeiro,fundação
CCBJJ-130,10986307.76,3.9,0.37,16.2121603973505,9.6,630,arenoso,aço,rio de janeiro,estrutura
CCBJJ-130,10986307.76,3.7,0.45,16.2121603973505,9.9,630,arenoso,piso,rio de janeiro,acabamento
CCBJJ-131,7141336.3,3.3,0.4,15.781410613696657,6.5,706,arenoso,brita,belo horizonte,fundação
CCBJJ-131,7141336.3,2.1,0.29,15.781410613696657,12.2,706,arenoso,aço,belo horizonte,estrutura
CCBJJ-131,7141336.3,1.4,0.35,15.781410613696657,14.5,706,arenoso,piso,belo horizonte,acabamento
CCBJJ-132,29449612.34,3.2,0.25,17.198191338603863,14.7,492,argiloso,cimento,belém,fundação
CCBJJ-132,29449612.34,3.6,0.07,17.198191338603863,8.8,492,argiloso,cimento,belém,estrutura
CCBJJ-132,29449612.34,2.3,0.09,17.198191338603863,16.6,492,argiloso,piso,belém,acabamento
CCBJJ-133,8209786.61,3.7,0.29,15.920837611422852,7.9,359,argiloso,areia,belo horizonte,fundação
CCBJJ-133,8209786.61,4.2,0.2,15.920837611422852,5.6,359,argiloso,cimento,belo horizonte,estrutura
CCBJJ-133,8209786.61,3.2,0.29,15.920837611422852,9.3,359,argiloso,tintas,belo horizonte,acabamento
CCBJJ-134,11626415.72,3.8,0.23,16.268790370399444,7.2,470,siltoso,madeira,porto alegre,fundação
CCBJJ-134,11626415.72,3.4,0.21,16.268790370399444,10.4,470,siltoso,madeira,porto alegre,estrutura
CCBJJ-134,11626415.72,4.6,0.32,16.268790370399444,8.4,470,siltoso,aço,porto alegre,acabamento
CCBJJ-135,29109072.65,3.2,0.09,17.186560492817662,7.4,98,argiloso,areia,belém,fundação
CCBJJ-135,29109072.65,1.8,0.37,17.186560492817662,11.6,98,argiloso,cimento,belém,estrutura
CCBJJ-135,29109072.65,3.4,0.27,17.186560492817662,6.2,98,argiloso,aço,belém,acabamento
CCBJJ-136,22823724.32,2.5,0.44,16.94331113710274,5.7,82,rochoso,brita,fortaleza,fundação
CCBJJ-136,22823724.32,2.7,0.11,16.94331113710274,4.5,82,rochoso,madeira,fortaleza,estrutura
CCBJJ-136,22823724.32,2.4,0.39,16.94331113710274,8.6,82,rochoso,tintas,fortaleza,acabamento
CCBJJ-137,15952502.1,3.6,0.39,16.585126309051528,10.4,469,siltoso,cimento,belém,fundação
CCBJJ-137,15952502.1,3.0,0.29,16.585126309051528,11.2,469,siltoso,aço,belém,estrutura
CCBJJ-137,15952502.1,3.0,0.12,16.585126309051528,10.3,469,siltoso,revestimento,belém,acabamento
CCBJJ-138,8025104.9,2.7,0.05,15.898085423154965,8.7,389,arenoso,madeira,rio de janeiro,fundação
CCBJJ-138,8025104.9,3.2,0.08,15.898085423154965,1.3,389,arenoso,madeira,rio de janeiro,estrutura
CCBJJ-138,8025104.9,1.6,0.22,15.898085423154965,9.9,389,arenoso,revestimento,rio de janeiro,acabamento
CCBJJ-139,13452139.05,4.9,0.29,16.41464876287939,16.4,611,argiloso,cimento,porto alegre,fundação
CCBJJ-139,13452139.05,3.9,0.32,16.41464876287939,6.1,611,argiloso,madeira,porto alegre,estrutura
CCBJJ-139,13452139.05,3.1,0.29,16.41464876287939,8.5,611,argiloso,piso,porto alegre,acabamento
CCBJJ-140,19711002.86,1.4,0.22,16.796687609338786,8.1,383,arenoso,madeira,recife,fundação
CCBJJ-140,19711002.86,4.8,0.26,16.796687609338786,3.9,383,arenoso,cimento,recife,estrutura
CCBJJ-140,19711002.86,3.9,0.07,16.796687609338786,9.9,383,arenoso,revestimento,recife,acabamento
CCBJJ-141,22696023.66,1.9,0.1,16.937700342005307,16.5,365,argiloso,brita,recife,fundação
CCBJJ-141,22696023.66,3.2,0.2,16.937700342005307,6.7,365,argiloso,cimento,recife,estrutura
CCBJJ-141,22696023.66,3.4,0.37,16.937700342005307,5.8,365,argiloso,aço,recife,acabamento
CCBJJ-142,6685008.2,3.3,0.1,15.715378144732641,2.0,326,rochoso,madeira,recife,fundação
CCBJJ-142,6685008.2,1.8,0.38,15.715378144732641,13.0,326,rochoso,cimento,recife,estrutura
CCBJJ-142,6685008.2,1.4,0.21,15.715378144732641,12.4,326,rochoso,tintas,recife,acabamento
CCBJJ-143,6771433.75,3.1,0.25,15.728223550056832,1.6,108,rochoso,areia,rio de janeiro,fundação
CCBJJ-143,6771433.75,4.2,0.19,15.728223550056832,3.7,108,rochoso,aço,rio de janeiro,estrutura
CCBJJ-143,6771433.75,3.6,0.35,15.728223550056832,5.8,108,rochoso,aço,rio de janeiro,acabamento
CCBJJ-144,21724444.46,3.7,0.35,16.89394870335842,16.5,505,argiloso,areia,rio de janeiro,fundação
CCBJJ-144,21724444.46,1.4,0.4,16.89394870335842,15.6,505,argiloso,aço,rio de janeiro,estrutura
CCBJJ-144,21724444.46,4.3,0.24,16.89394870335842,11.8,505,argiloso,piso,rio de janeiro,acabamento
CCBJJ-145,23083814.15,4.6,0.25,16.954642287069962,3.5,390,siltoso,cimento,porto alegre,fundação
CCBJJ-145,23083814.15,1.9,0.2,16.954642287069962,8.4,390,siltoso,aço,porto alegre,estrutura
CCBJJ-145,23083814.15,1.3,0.3,16.954642287069962,11.1,390,siltoso,piso,porto alegre,acabamento
CCBJJ-146,11074931.06,1.9,0.41,16.220194739339412,15.4,490,siltoso,madeira,belo horizonte,fundação
CCBJJ-146,11074931.06,1.9,0.25,16.220194739339412,18.6,490,siltoso,madeira,belo horizonte,estrutura
CCBJJ-146,11074931.06,3.9,0.44,16.220194739339412,4.0,490,siltoso,piso,belo horizonte,acabamento
CCBJJ-147,9760247.86,3.1,0.33,16.09382845601503,5.7,283,siltoso,areia,são paulo,fundação
CCBJJ-147,9760247.86,3.8,0.2,16.09382845601503,8.7,283,siltoso,aço,são paulo,estrutura
CCBJJ-147,9760247.86,1.3,0.37,16.09382845601503,11.7,283,siltoso,piso,são paulo,acabamento
CCBJJ-148,13857439.16,1.1,0.32,16.444332842027553,11.6,601,siltoso,brita,fortaleza,fundação
CCBJJ-148,13857439.16,3.1,0.18,16.444332842027553,9.4,601,siltoso,madeira,fortaleza,estrutura
CCBJJ-148,13857439.16,2.5,0.17,16.444332842027553,11.0,601,siltoso,tintas,fortaleza,acabamento
CCBJJ-149,26595918.71,3.2,0.33,17.09626836762491,5.0,639,arenoso,areia,recife,fundação
CCBJJ-149,26595918.71,4.8,0.38,17.09626836762491,13.3,639,arenoso,cimento,recife,estrutura
CCBJJ-149,26595918.71,4.2,0.45,17.09626836762491,10.5,639,arenoso,piso,recife,acabamento
CCBJJ-150,6515316.85,1.1,0.17,15.689666554764676,17.9,401,arenoso,madeira,salvador,fundação
CCBJJ-150,6515316.85,3.4,0.13,15.689666554764676,4.9,401,arenoso,cimento,salvador,estrutura
CCBJJ-150,6515316.85,1.4,0.36,15.689666554764676,12.0,401,arenoso,tintas,salvador,acabamento
CCBJJ-151,11216408.35,1.8,0.2,16.232888384559125,21.1,641,siltoso,brita,rio de janeiro,fundação
CCBJJ-151,11216408.35,1.0,0.34,16.232888384559125,11.9,641,siltoso,cimento,rio de janeiro,estrutura
CCBJJ-151,11216408.35,3.5,0.15,16.232888384559125,8.7,641,siltoso,aço,rio de janeiro,acabamento
CCBJJ-152,8504557.43,1.4,0.26,15.956112863593015,6.7,269,rochoso,madeira,manaus,fundação
CCBJJ-152,8504557.43,2.1,0.41,15.956112863593015,6.9,269,rochoso,cimento,manaus,estrutura
CCBJJ-152,8504557.43,3.4,0.44,15.956112863593015,4.8,269,rochoso,aço,manaus,acabamento
CCBJJ-153,16565701.71,3.8,0.26,16.62284501418673,10.5,544,siltoso,areia,são paulo,fundação
CCBJJ-153,16565701.71,4.2,0.07,16.62284501418673,8.9,544,siltoso,aço,são paulo,estrutura
CCBJJ-153,16565701.71,1.8,0.33,16.62284501418673,15.1,544,siltoso,piso,são paulo,acabamento
CCBJJ-154,25200556.12,4.2,0.16,17.042376660173783,0.0,194,arenoso,brita,belém,fundação
CCBJJ-154,25200556.12,1.9,0.38,17.042376660173783,10.4,194,arenoso,madeira,belém,estrutura
CCBJJ-154,25200556.12,4.6,0.14,17.042376660173783,8.4,194,arenoso,piso,belém,acabamento
CCBJJ-155,6264708.24,3.9,0.42,15.650442735019835,9.2,356,arenoso,brita,belém,fundação
CCBJJ-155,6264708.24,3.6,0.11,15.650442735019835,0.0,356,arenoso,cimento,belém,estrutura
CCBJJ-155,6264708.24,1.6,0.38,15.650442735019835,13.1,356,arenoso,piso,belém,acabamento
CCBJJ-156,29224906.43,3.0,0.06,17.190531897823806,9.1,111,argiloso,madeira,rio de janeiro,fundação
CCBJJ-156,29224906.43,1.1,0.09,17.190531897823806,9.7,111,argiloso,aço,rio de janeiro,estrutura
CCBJJ-156,29224906.43,4.4,0.15,17.190531897823806,6.6,111,argiloso,piso,rio de janeiro,acabamento
CCBJJ-157,15160351.45,1.4,0.38,16.53419418658899,16.5,143,argiloso,brita,belo horizonte,fundação
CCBJJ-157,15160351.45,1.1,0.34,16.53419418658899,9.5,143,argiloso,aço,belo horizonte,estrutura
CCBJJ-157,15160351.45,2.5,0.32,16.53419418658899,1.1,143,argiloso,piso,belo horizonte,acabamento
CCBJJ-158,26616259.85,3.4,0.4,17.09703289712837,11.3,429,argiloso,areia,recife,fundação
CCBJJ-158,26616259.85,4.8,0.15,17.09703289712837,6.5,429,argiloso,cimento,recife,estrutura
CCBJJ-158,26616259.85,1.9,0.09,17.09703289712837,16.4,429,argiloso,tintas,recife,acabamento
CCBJJ-159,14474327.97,3.2,0.19,16.487887222490397,3.1,75,rochoso,madeira,fortaleza,fundação
CCBJJ-159,14474327.97,1.1,0.44,16.487887222490397,10.9,75,rochoso,aço,fortaleza,estrutura
CCBJJ-159,14474327.97,4.4,0.08,16.487887222490397,7.2,75,rochoso,revestimento,fortaleza,acabamento
CCBJJ-160,28162951.84,3.9,0.07,17.153517943131757,8.8,236,rochoso,madeira,belo horizonte,fundação
CCBJJ-160,28162951.84,3.9,0.15,17.153517943131757,6.3,236,rochoso,madeira,belo horizonte,estrutura
CCBJJ-160,28162951.84,3.6,0.39,17.153517943131757,0.2,236,rochoso,aço,belo horizonte,acabamento
CCBJJ-161,15575187.15,3.6,0.35,16.561189702821647,11.8,439,siltoso,brita,belém,fundação
CCBJJ-161,15575187.15,1.9,0.25,16.561189702821647,14.9,439,siltoso,cimento,belém,estrutura
CCBJJ-161,15575187.15,3.2,0.16,16.561189702821647,5.9,439,siltoso,aço,belém,acabamento
CCBJJ-162,8869920.63,1.0,0.45,15.998176518846504,18.6,646,argiloso,cimento,curitiba,fundação
CCBJJ-162,8869920.63,1.9,0.08,15.998176518846504,16.0,646,argiloso,cimento,curitiba,estrutura
CCBJJ-162,8869920.63,1.8,0.34,15.998176518846504,12.4,646,argiloso,aço,curitiba,acabamento
CCBJJ-163,29217734.12,3.3,0.34,17.19028644998904,9.6,73,arenoso,madeira,porto alegre,fundação
CCBJJ-163,29217734.12,1.1,0.16,17.19028644998904,6.0,73,arenoso,madeira,porto alegre,estrutura
CCBJJ-163,29217734.12,1.1,0.26,17.19028644998904,12.3,73,arenoso,piso,porto alegre,acabamento
CCBJJ-164,23699389.01,3.6,0.39,16.98095986779945,6.4,176,arenoso,brita,recife,fundação
CCBJJ-164,23699389.01,1.9,0.08,16.98095986779945,12.9,176,arenoso,madeira,recife,estrutura
CCBJJ-164,23699389.01,4.3,0.43,16.98095986779945,4.7,176,arenoso,aço,recife,acabamento
CCBJJ-165,19604439.86,4.6,0.28,16.791266673026417,10.7,108,argiloso,areia,belém,fundação
CCBJJ-165,19604439.86,4.2,0.15,16.791266673026417,5.0,108,argiloso,cimento,belém,estrutura
CCBJJ-165,19604439.86,1.9,0.1,16.791266673026417,15.0,108,argiloso,tintas,belém,acabamento
CCBJJ-166,6421989.49,2.4,0.16,15.675238672783411,18.5,656,arenoso,cimento,belém,fundação
CCBJJ-166,6421989.49,4.2,0.1,15.675238672783411,11.0,656,arenoso,madeira,belém,estrutura
CCBJJ-166,6421989.49,1.4,0.41,15.675238672783411,20.2,656,arenoso,tintas,belém,acabamento
CCBJJ-167,26283563.63,2.7,0.25,17.084454382793314,3.0,400,arenoso,brita,são paulo,fundação
CCBJJ-167,26283563.63,4.2,0.14,17.084454382793314,5.0,400,arenoso,cimento,são paulo,estrutura
CCBJJ-167,26283563.63,3.6,0.2,17.084454382793314,7.9,400,arenoso,piso,são paulo,acabamento
CCBJJ-168,21880313.84,3.0,0.17,16.90109792481124,5.5,97,siltoso,cimento,rio de janeiro,fundação
CCBJJ-168,21880313.84,3.2,0.1,16.90109792481124,4.2,97,siltoso,madeira,rio de janeiro,estrutura
CCBJJ-168,21880313.84,3.6,0.32,16.90109792481124,0.0,97,siltoso,tintas,rio de janeiro,acabamento
CCBJJ-169,7997165.35,3.0,0.22,15.894597830648259,8.6,162,argiloso,brita,porto alegre,fundação
CCBJJ-169,7997165.35,4.9,0.11,15.894597830648259,7.4,162,argiloso,cimento,porto alegre,estrutura
CCBJJ-169,7997165.35,3.7,0.41,15.894597830648259,7.0,162,argiloso,revestimento,porto alegre,acabamento
CCBJJ-170,19472976.44,1.3,0.3,16.784538290155854,11.5,158,arenoso,brita,recife,fundação
CCBJJ-170,19472976.44,4.6,0.29,16.784538290155854,5.4,158,arenoso,cimento,recife,estrutura
CCBJJ-170,19472976.44,1.4,0.34,16.784538290155854,13.9,158,arenoso,piso,recife,acabamento
CCBJJ-171,15480622.88,3.2,0.08,16.55509972763932,3.7,59,rochoso,madeira,porto alegre,fundação
CCBJJ-171,15480622.88,3.0,0.3,16.55509972763932,5.5,59,rochoso,madeira,porto alegre,estrutura
CCBJJ-171,15480622.88,1.9,0.24,16.55509972763932,15.1,59,rochoso,revestimento,porto alegre,acabamento
CCBJJ-172,28367656.44,1.9,0.08,17.1607602316451,11.6,494,rochoso,madeira,rio de janeiro,fundação
CCBJJ-172,28367656.44,1.4,0.24,17.1607602316451,14.2,494,rochoso,cimento,rio de janeiro,estrutura
CCBJJ-172,28367656.44,1.1,0.18,17.1607602316451,18.2,494,rochoso,aço,rio de janeiro,acabamento
CCBJJ-173,10967148.82,4.2,0.35,16.210414982631985,10.6,163,argiloso,brita,fortaleza,fundação
CCBJJ-173,10967148.82,3.1,0.24,16.210414982631985,3.7,163,argiloso,aço,fortaleza,estrutura
CCBJJ-173,10967148.82,3.5,0.07,16.210414982631985,3.4,163,argiloso,aço,fortaleza,acabamento
CCBJJ-174,21792255.57,2.5,0.4,16.897065261448706,9.0,540,siltoso,madeira,curitiba,fundação
CCBJJ-174,21792255.57,3.7,0.25,16.897065261448706,8.3,540,siltoso,madeira,curitiba,estrutura
CCBJJ-174,21792255.57,3.6,0.29,16.897065261448706,13.5,540,siltoso,revestimento,curitiba,acabamento
CCBJJ-175,12904429.91,1.4,0.05,16.37308129175102,13.4,579,arenoso,madeira,são paulo,fundação
CCBJJ-175,12904429.91,2.3,0.2,16.37308129175102,14.0,579,arenoso,aço,são paulo,estrutura
CCBJJ-175,12904429.91,3.6,0.2,16.37308129175102,7.5,579,arenoso,aço,são paulo,acabamento
CCBJJ-176,16457138.07,4.4,0.16,16.6162699270492,6.8,593,arenoso,areia,porto alegre,fundação
CCBJJ-176,16457138.07,2.5,0.27,16.6162699270492,8.3,593,arenoso,cimento,porto alegre,estrutura
CCBJJ-176,16457138.07,1.4,0.25,16.6162699270492,15.0,593,arenoso,tintas,porto alegre,acabamento
CCBJJ-177,6831518.03,3.9,0.37,15.73705761238221,5.1,371,rochoso,brita,rio de janeiro,fundação
CCBJJ-177,6831518.03,1.1,0.18,15.73705761238221,11.6,371,rochoso,cimento,rio de janeiro,estrutura
CCBJJ-177,6831518.03,2.3,0.35,15.73705761238221,9.7,371,rochoso,aço,rio de janeiro,acabamento
CCBJJ-178,8311414.26,4.2,0.17,15.933140460393435,11.1,606,arenoso,cimento,salvador,fundação
CCBJJ-178,8311414.26,1.6,0.44,15.933140460393435,16.8,606,arenoso,cimento,salvador,estrutura
CCBJJ-178,8311414.26,3.6,0.4,15.933140460393435,10.4,606,arenoso,revestimento,salvador,acabamento
CCBJJ-179,26981756.06,4.2,0.36,17.11067153116007,11.8,701,rochoso,cimento,salvador,fundação
CCBJJ-179,26981756.06,4.2,0.28,17.11067153116007,5.2,701,rochoso,cimento,salvador,estrutura
CCBJJ-179,26981756.06,1.4,0.36,17.11067153116007,12.1,701,rochoso,tintas,salvador,acabamento
CCBJJ-180,8943670.81,2.5,0.28,16.006456779830792,6.1,62,rochoso,madeira,belém,fundação
CCBJJ-180,8943670.81,1.9,0.18,16.006456779830792,6.2,62,rochoso,madeira,belém,estrutura
CCBJJ-180,8943670.81,3.9,0.25,16.006456779830792,5.9,62,rochoso,piso,belém,acabamento
CCBJJ-181,20291944.14,4.4,0.26,16.82573457413658,4.9,171,arenoso,brita,belém,fundação
CCBJJ-181,20291944.14,2.4,0.23,16.82573457413658,11.3,171,arenoso,cimento,belém,estrutura
CCBJJ-181,20291944.14,4.2,0.36,16.82573457413658,7.7,171,arenoso,revestimento,belém,acabamento
CCBJJ-182,21696580.09,1.9,0.24,16.892665252641617,17.7,654,rochoso,areia,belém,fundação
CCBJJ-182,21696580.09,4.4,0.14,16.892665252641617,11.9,654,rochoso,madeira,belém,estrutura
CCBJJ-182,21696580.09,3.4,0.33,16.892665252641617,10.6,654,rochoso,aço,belém,acabamento
CCBJJ-183,28293900.99,1.4,0.27,17.15815686200972,14.4,387,argiloso,madeira,são paulo,fundação
CCBJJ-183,28293900.99,3.8,0.41,17.15815686200972,4.3,387,argiloso,aço,são paulo,estrutura
CCBJJ-183,28293900.99,1.9,0.17,17.15815686200972,7.8,387,argiloso,revestimento,são paulo,acabamento
CCBJJ-184,11611648.04,1.1,0.31,16.267519379763602,21.8,482,argiloso,areia,são paulo,fundação
CCBJJ-184,11611648.04,4.9,0.42,16.267519379763602,10.0,482,argiloso,cimento,são paulo,estrutura
CCBJJ-184,11611648.04,1.4,0.35,16.267519379763602,17.2,482,argiloso,tintas,são paulo,acabamento
CCBJJ-185,11808705.31,4.4,0.09,16.28434764025976,9.1,83,argiloso,brita,porto alegre,fundação
CCBJJ-185,11808705.31,1.8,0.05,16.28434764025976,14.0,83,argiloso,madeira,porto alegre,estrutura
CCBJJ-185,11808705.31,1.9,0.31,16.28434764025976,14.1,83,argiloso,tintas,porto alegre,acabamento
CCBJJ-186,22940304.68,4.4,0.18,16.948405994772884,11.8,324,rochoso,cimento,rio de janeiro,fundação
CCBJJ-186,22940304.68,3.1,0.31,16.948405994772884,0.6,324,rochoso,aço,rio de janeiro,estrutura
CCBJJ-186,22940304.68,3.5,0.42,16.948405994772884,8.5,324,rochoso,aço,rio de janeiro,acabamento
CCBJJ-187,17635226.45,3.2,0.42,16.68540901921584,5.3,220,arenoso,areia,curitiba,fundação
CCBJJ-187,17635226.45,3.2,0.16,16.68540901921584,4.6,220,arenoso,cimento,curitiba,estrutura
CCBJJ-187,17635226.45,2.5,0.24,16.68540901921584,3.5,220,arenoso,tintas,curitiba,acabamento
CCBJJ-188,7307461.69,4.2,0.31,15.804406670241196,8.0,499,rochoso,brita,fortaleza,fundação
CCBJJ-188,7307461.69,3.4,0.12,15.804406670241196,11.9,499,rochoso,aço,fortaleza,estrutura
CCBJJ-188,7307461.69,3.2,0.21,15.804406670241196,7.5,499,rochoso,piso,fortaleza,acabamento
CCBJJ-189,6102169.04,3.4,0.2,15.624155010143848,10.2,297,argiloso,areia,salvador,fundação
CCBJJ-189,6102169.04,4.9,0.17,15.624155010143848,7.1,297,argiloso,aço,salvador,estrutura
CCBJJ-189,6102169.04,3.9,0.32,15.624155010143848,4.8,297,argiloso,revestimento,salvador,acabamento
CCBJJ-190,20927834.43,3.9,0.1,16.856590669580466,17.0,736,argiloso,brita,curitiba,fundação
CCBJJ-190,20927834.43,1.3,0.14,16.856590669580466,13.1,736,argiloso,cimento,curitiba,estrutura
CCBJJ-190,20927834.43,4.8,0.45,16.856590669580466,7.2,736,argiloso,aço,curitiba,acabamento
CCBJJ-191,23530772.71,4.3,0.37,16.973819642015904,14.9,580,siltoso,cimento,belém,fundação
CCBJJ-191,23530772.71,3.1,0.26,16.973819642015904,9.2,580,siltoso,cimento,belém,estrutura
CCBJJ-191,23530772.71,4.6,0.09,16.973819642015904,6.2,580,siltoso,tintas,belém,acabamento
CCBJJ-192,19022671.62,1.4,0.39,16.761142121508662,10.2,365,arenoso,madeira,são paulo,fundação
CCBJJ-192,19022671.62,4.4,0.09,16.761142121508662,5.2,365,arenoso,madeira,são paulo,estrutura
CCBJJ-192,19022671.62,2.3,0.1,16.761142121508662,10.2,365,arenoso,aço,são paulo,acabamento
CCBJJ-193,28626273.48,4.2,0.37,17.16983554216632,10.6,718,arenoso,cimento,manaus,fundação
CCBJJ-193,28626273.48,1.1,0.35,17.16983554216632,15.4,718,arenoso,madeira,manaus,estrutura
CCBJJ-193,28626273.48,4.2,0.33,17.16983554216632,9.2,718,arenoso,piso,manaus,acabamento
CCBJJ-194,25864875.5,3.6,0.06,17.068396486616162,12.8,513,argiloso,madeira,porto alegre,fundação
CCBJJ-194,25864875.5,1.9,0.2,17.068396486616162,18.0,513,argiloso,madeira,porto alegre,estrutura
CCBJJ-194,25864875.5,1.9,0.2,17.068396486616162,17.3,513,argiloso,tintas,porto alegre,acabamento
CCBJJ-195,15744667.82,1.1,0.39,16.572012378317005,14.5,699,rochoso,brita,recife,fundação
CCBJJ-195,15744667.82,2.3,0.38,16.572012378317005,14.4,699,rochoso,madeira,recife,estrutura
CCBJJ-195,15744667.82,4.2,0.26,16.572012378317005,10.8,699,rochoso,revestimento,recife,acabamento
CCBJJ-196,14116287.88,3.1,0.16,16.462839928288783,3.5,188,rochoso,cimento,recife,fundação
CCBJJ-196,14116287.88,2.7,0.15,16.462839928288783,0.4,188,rochoso,madeira,recife,estrutura
CCBJJ-196,14116287.88,3.4,0.29,16.462839928288783,5.9,188,rochoso,piso,recife,acabamento
CCBJJ-197,10251913.46,3.2,0.23,16.14297502269348,9.7,441,arenoso,cimento,rio de janeiro,fundação
CCBJJ-197,10251913.46,1.9,0.11,16.14297502269348,19.2,441,arenoso,cimento,rio de janeiro,estrutura
CCBJJ-197,10251913.46,3.8,0.29,16.14297502269348,10.1,441,arenoso,revestimento,rio de janeiro,acabamento
CCBJJ-198,13841965.87,1.1,0.44,16.443215612940826,11.2,176,siltoso,areia,belém,fundação
CCBJJ-198,13841965.87,3.3,0.07,16.443215612940826,9.7,176,siltoso,madeira,belém,estrutura
CCBJJ-198,13841965.87,2.3,0.27,16.443215612940826,8.0,176,siltoso,aço,belém,acabamento
CCBJJ-199,29345925.57,4.2,0.18,17.194664306531465,14.1,567,argiloso,madeira,manaus,fundação
CCBJJ-199,29345925.57,3.5,0.12,17.194664306531465,9.2,567,argiloso,aço,manaus,estrutura
CCBJJ-199,29345925.57,2.7,0.17,17.194664306531465,13.6,567,argiloso,piso,manaus,acabamento
CCBJJ-200,26615142.41,3.2,0.22,17.09699091288934,8.2,605,siltoso,madeira,manaus,fundação
CCBJJ-200,26615142.41,3.4,0.15,17.09699091288934,5.4,605,siltoso,madeira,manaus,estrutura
CCBJJ-200,26615142.41,4.3,0.39,17.09699091288934,7.2,605,siltoso,piso,manaus,acabamento
CCBJJ-201,5619659.05,4.2,0.13,15.541781730716478,9.1,104,siltoso,brita,salvador,fundação
CCBJJ-201,5619659.05,3.9,0.24,15.541781730716478,7.4,104,siltoso,aço,salvador,estrutura
CCBJJ-201,5619659.05,4.4,0.13,15.541781730716478,0.0,104,siltoso,aço,salvador,acabamento
CCBJJ-202,25055878.47,1.1,0.33,17.03661906733645,12.4,278,rochoso,brita,rio de janeiro,fundação
CCBJJ-202,25055878.47,4.6,0.27,17.03661906733645,6.9,278,rochoso,cimento,rio de janeiro,estrutura
CCBJJ-202,25055878.47,2.3,0.31,17.03661906733645,9.7,278,rochoso,aço,rio de janeiro,acabamento
CCBJJ-203,8979946.07,3.4,0.09,16.010504546051656,12.9,507,siltoso,areia,são paulo,fundação
CCBJJ-203,8979946.07,1.1,0.42,16.010504546051656,14.1,507,siltoso,cimento,são paulo,estrutura
CCBJJ-203,8979946.07,1.1,0.4,16.010504546051656,15.5,507,siltoso,aço,são paulo,acabamento
CCBJJ-204,26804169.57,1.3,0.11,17.104068051657396,15.3,332,argiloso,brita,belo horizonte,fundação
CCBJJ-204,26804169.57,4.3,0.25,17.104068051657396,7.1,332,argiloso,madeira,belo horizonte,estrutura
CCBJJ-204,26804169.57,2.4,0.36,17.104068051657396,10.8,332,argiloso,aço,belo horizonte,acabamento
CCBJJ-205,9989320.75,3.9,0.12,16.117027255427015,10.5,501,rochoso,madeira,belo horizonte,fundação
CCBJJ-205,9989320.75,3.9,0.12,16.117027255427015,13.1,501,rochoso,aço,belo horizonte,estrutura
CCBJJ-205,9989320.75,3.7,0.43,16.117027255427015,12.1,501,rochoso,aço,belo horizonte,acabamento
CCBJJ-206,12629771.68,2.4,0.39,16.35156749574823,12.6,170,argiloso,cimento,rio de janeiro,fundação
CCBJJ-206,12629771.68,3.4,0.14,16.35156749574823,4.8,170,argiloso,cimento,rio de janeiro,estrutura
CCBJJ-206,12629771.68,1.8,0.32,16.35156749574823,12.0,170,argiloso,aço,rio de janeiro,acabamento
CCBJJ-207,5591610.87,1.9,0.05,15.536778152403954,11.2,46,siltoso,areia,rio de janeiro,fundação
CCBJJ-207,5591610.87,3.6,0.26,15.536778152403954,3.2,46,siltoso,cimento,rio de janeiro,estrutura
CCBJJ-207,5591610.87,3.5,0.32,15.536778152403954,3.1,46,siltoso,revestimento,rio de janeiro,acabamento
CCBJJ-208,13206548.78,2.5,0.16,16.39622345994689,4.3,392,rochoso,madeira,são paulo,fundação
CCBJJ-208,13206548.78,2.3,0.23,16.39622345994689,7.4,392,rochoso,madeira,são paulo,estrutura
CCBJJ-208,13206548.78,2.1,0.32,16.39622345994689,15.3,392,rochoso,piso,são paulo,acabamento
CCBJJ-209,13778653.23,4.4,0.21,16.438631157677584,4.0,125,siltoso,cimento,belém,fundação
CCBJJ-209,13778653.23,4.2,0.33,16.438631157677584,5.9,125,siltoso,aço,belém,estrutura
CCBJJ-209,13778653.23,4.3,0.41,16.438631157677584,7.3,125,siltoso,aço,belém,acabamento
CCBJJ-210,21987952.96,4.2,0.07,16.90600531409111,8.9,307,rochoso,cimento,belém,fundação
CCBJJ-210,21987952.96,2.7,0.12,16.90600531409111,3.5,307,rochoso,cimento,belém,estrutura
CCBJJ-210,21987952.96,3.8,0.38,16.90600531409111,7.6,307,rochoso,tintas,belém,acabamento
CCBJJ-211,28480928.51,3.9,0.38,17.16474528126479,4.4,610,rochoso,areia,são paulo,fundação
CCBJJ-211,28480928.51,2.4,0.2,17.16474528126479,19.9,610,rochoso,cimento,são paulo,estrutura
CCBJJ-211,28480928.51,2.4,0.34,17.16474528126479,15.1,610,rochoso,piso,são paulo,acabamento
CCBJJ-212,9464195.4,4.4,0.22,16.06302643674963,7.2,130,arenoso,madeira,curitiba,fundação
CCBJJ-212,9464195.4,3.4,0.44,16.06302643674963,3.0,130,arenoso,madeira,curitiba,estrutura
CCBJJ-212,9464195.4,4.6,0.25,16.06302643674963,4.1,130,arenoso,aço,curitiba,acabamento
CCBJJ-213,7710063.68,3.0,0.36,15.858037134609383,3.8,117,rochoso,cimento,fortaleza,fundação
CCBJJ-213,7710063.68,1.1,0.08,15.858037134609383,5.9,117,rochoso,cimento,fortaleza,estrutura
CCBJJ-213,7710063.68,3.7,0.11,15.858037134609383,4.3,117,rochoso,piso,fortaleza,acabamento
CCBJJ-214,23213626.52,1.1,0.43,16.960250057292185,10.0,35,siltoso,cimento,salvador,fundação
CCBJJ-214,23213626.52,2.4,0.1,16.960250057292185,8.6,35,siltoso,cimento,salvador,estrutura
CCBJJ-214,23213626.52,1.9,0.25,16.960250057292185,11.6,35,siltoso,revestimento,salvador,acabamento
CCBJJ-215,20155221.33,4.2,0.05,16.818973985482238,7.3,424,arenoso,brita,belém,fundação
CCBJJ-215,20155221.33,4.4,0.28,16.818973985482238,6.7,424,arenoso,aço,belém,estrutura
CCBJJ-215,20155221.33,3.7,0.16,16.818973985482238,7.8,424,arenoso,tintas,belém,acabamento
CCBJJ-216,14629885.83,1.6,0.16,16.498577037491337,16.5,475,argiloso,areia,porto alegre,fundação
CCBJJ-216,14629885.83,4.9,0.15,16.498577037491337,6.1,475,argiloso,cimento,porto alegre,estrutura
CCBJJ-216,14629885.83,4.3,0.3,16.498577037491337,8.8,475,argiloso,piso,porto alegre,acabamento
CCBJJ-217,11368062.65,1.9,0.18,16.246318547793365,17.6,435,arenoso,areia,fortaleza,fundação
CCBJJ-217,11368062.65,1.9,0.23,16.246318547793365,13.3,435,arenoso,cimento,fortaleza,estrutura
CCBJJ-217,11368062.65,4.9,0.44,16.246318547793365,6.7,435,arenoso,tintas,fortaleza,acabamento
CCBJJ-218,17998008.71,4.2,0.18,16.705771738080276,11.6,520,argiloso,madeira,belém,fundação
CCBJJ-218,17998008.71,1.4,0.44,16.705771738080276,16.8,520,argiloso,madeira,belém,estrutura
CCBJJ-218,17998008.71,1.6,0.38,16.705771738080276,14.5,520,argiloso,tintas,belém,acabamento
CCBJJ-219,14105536.79,2.4,0.45,16.462078029305715,9.1,636,rochoso,cimento,são paulo,fundação
CCBJJ-219,14105536.79,2.3,0.43,16.462078029305715,14.4,636,rochoso,madeira,são paulo,estrutura
CCBJJ-219,14105536.79,3.6,0.37,16.462078029305715,9.9,636,rochoso,revestimento,são paulo,acabamento
CCBJJ-220,20578885.25,3.9,0.15,16.83977616882994,2.4,277,rochoso,madeira,são paulo,fundação
CCBJJ-220,20578885.25,1.8,0.08,16.83977616882994,10.1,277,rochoso,cimento,são paulo,estrutura
CCBJJ-220,20578885.25,1.9,0.22,16.83977616882994,15.6,277,rochoso,piso,são paulo,acabamento
CCBJJ-221,17678062.6,1.4,0.36,16.687835084288604,12.0,141,rochoso,cimento,fortaleza,fundação
CCBJJ-221,17678062.6,1.1,0.28,16.687835084288604,12.8,141,rochoso,madeira,fortaleza,estrutura
CCBJJ-221,17678062.6,4.9,0.44,16.687835084288604,4.7,141,rochoso,revestimento,fortaleza,acabamento
CCBJJ-222,15060009.68,1.8,0.25,16.527553489499116,16.7,257,argiloso,brita,curitiba,fundação
CCBJJ-222,15060009.68,4.3,0.23,16.527553489499116,2.9,257,argiloso,cimento,curitiba,estrutura
CCBJJ-222,15060009.68,3.9,0.33,16.527553489499116,4.9,257,argiloso,piso,curitiba,acabamento
CCBJJ-223,9796002.32,3.1,0.38,16.09748503596798,12.0,148,argiloso,areia,fortaleza,fundação
CCBJJ-223,9796002.32,3.3,0.23,16.09748503596798,2.6,148,argiloso,madeira,fortaleza,estrutura
CCBJJ-223,9796002.32,3.3,0.09,16.09748503596798,6.7,148,argiloso,piso,fortaleza,acabamento
CCBJJ-224,20387872.9,4.8,0.07,16.83045086541215,4.2,337,siltoso,brita,curitiba,fundação
CCBJJ-224,20387872.9,1.9,0.42,16.83045086541215,13.1,337,siltoso,cimento,curitiba,estrutura
CCBJJ-224,20387872.9,2.4,0.11,16.83045086541215,17.2,337,siltoso,tintas,curitiba,acabamento
CCBJJ-225,18698430.33,3.1,0.3,16.743950192209923,5.1,444,rochoso,madeira,recife,fundação
CCBJJ-225,18698430.33,2.1,0.06,16.743950192209923,15.6,444,rochoso,cimento,recife,estrutura
CCBJJ-225,18698430.33,3.3,0.22,16.743950192209923,5.8,444,rochoso,piso,recife,acabamento
CCBJJ-226,12172842.92,4.2,0.09,16.314718120490753,11.0,621,rochoso,areia,fortaleza,fundação
CCBJJ-226,12172842.92,1.3,0.13,16.314718120490753,10.0,621,rochoso,madeira,fortaleza,estrutura
CCBJJ-226,12172842.92,1.1,0.26,16.314718120490753,16.5,621,rochoso,aço,fortaleza,acabamento
CCBJJ-227,16624704.76,1.1,0.1,16.626400445702952,19.3,631,argiloso,brita,belo horizonte,fundação
CCBJJ-227,16624704.76,3.7,0.38,16.626400445702952,10.3,631,argiloso,cimento,belo horizonte,estrutura
CCBJJ-227,16624704.76,2.4,0.29,16.626400445702952,16.1,631,argiloso,tintas,belo horizonte,acabamento
CCBJJ-228,17779349.92,1.4,0.1,16.69354828119694,10.4,342,arenoso,madeira,manaus,fundação
CCBJJ-228,17779349.92,3.2,0.22,16.69354828119694,2.5,342,arenoso,aço,manaus,estrutura
CCBJJ-228,17779349.92,2.3,0.24,16.69354828119694,13.0,342,arenoso,tintas,manaus,acabamento
CCBJJ-229,12094660.12,2.3,0.12,16.308274683444413,13.9,598,rochoso,madeira,porto alegre,fundação
CCBJJ-229,12094660.12,2.5,0.3,16.308274683444413,8.9,598,rochoso,madeira,porto alegre,estrutura
CCBJJ-229,12094660.12,1.1,0.44,16.308274683444413,15.0,598,rochoso,aço,porto alegre,acabamento
CCBJJ-230,7334680.0,1.6,0.33,15.808124478497614,14.7,455,rochoso,cimento,rio de janeiro,fundação
CCBJJ-230,7334680.0,1.1,0.37,15.808124478497614,13.3,455,rochoso,madeira,rio de janeiro,estrutura
CCBJJ-230,7334680.0,4.4,0.28,15.808124478497614,11.3,455,rochoso,piso,rio de janeiro,acabamento
CCBJJ-231,10616016.65,2.4,0.1,16.177874517577575,17.3,616,argiloso,cimento,rio de janeiro,fundação
CCBJJ-231,10616016.65,4.6,0.35,16.177874517577575,8.7,616,argiloso,madeira,rio de janeiro,estrutura
CCBJJ-231,10616016.65,2.3,0.09,16.177874517577575,20.7,616,argiloso,revestimento,rio de janeiro,acabamento
CCBJJ-232,5610634.69,3.4,0.23,15.540174584804854,1.5,63,siltoso,madeira,rio de janeiro,fundação
CCBJJ-232,5610634.69,3.6,0.4,15.540174584804854,0.3,63,siltoso,cimento,rio de janeiro,estrutura
CCBJJ-232,5610634.69,1.4,0.19,15.540174584804854,13.5,63,siltoso,tintas,rio de janeiro,acabamento
CCBJJ-233,20281849.33,4.6,0.11,16.825236971677093,7.4,660,siltoso,cimento,são paulo,fundação
CCBJJ-233,20281849.33,3.2,0.28,16.825236971677093,9.3,660,siltoso,aço,são paulo,estrutura
CCBJJ-233,20281849.33,1.8,0.18,16.825236971677093,16.2,660,siltoso,revestimento,são paulo,acabamento
CCBJJ-234,15361025.27,1.9,0.44,16.54734409790494,21.3,556,argiloso,madeira,porto alegre,fundação
CCBJJ-234,15361025.27,1.3,0.42,16.54734409790494,11.3,556,argiloso,aço,porto alegre,estrutura
CCBJJ-234,15361025.27,1.1,0.35,16.54734409790494,16.5,556,argiloso,revestimento,porto alegre,acabamento
CCBJJ-235,22958647.89,3.8,0.22,16.949205281429776,8.4,672,siltoso,cimento,fortaleza,fundação
CCBJJ-235,22958647.89,1.6,0.21,16.949205281429776,18.5,672,siltoso,madeira,fortaleza,estrutura
CCBJJ-235,22958647.89,4.8,0.23,16.949205281429776,8.9,672,siltoso,piso,fortaleza,acabamento
CCBJJ-236,14991321.57,3.3,0.3,16.522982096340165,14.6,499,arenoso,madeira,manaus,fundação
CCBJJ-236,14991321.57,1.1,0.14,16.522982096340165,14.6,499,arenoso,madeira,manaus,estrutura
CCBJJ-236,14991321.57,1.1,0.18,16.522982096340165,12.9,499,arenoso,tintas,manaus,acabamento
CCBJJ-237,27316495.66,4.4,0.39,17.12300135091569,12.3,609,siltoso,cimento,são paulo,fundação
CCBJJ-237,27316495.66,1.9,0.1,17.12300135091569,17.7,609,siltoso,aço,são paulo,estrutura
CCBJJ-237,27316495.66,1.1,0.45,17.12300135091569,8.2,609,siltoso,revestimento,são paulo,acabamento
CCBJJ-238,10471028.42,4.6,0.31,16.16412289893044,3.3,125,siltoso,brita,belém,fundação
CCBJJ-238,10471028.42,1.4,0.07,16.16412289893044,13.0,125,siltoso,aço,belém,estrutura
CCBJJ-238,10471028.42,4.9,0.22,16.16412289893044,3.7,125,siltoso,tintas,belém,acabamento
CCBJJ-239,6255459.63,4.2,0.32,15.648965341058208,8.6,561,arenoso,cimento,rio de janeiro,fundação
CCBJJ-239,6255459.63,1.6,0.14,15.648965341058208,12.3,561,arenoso,madeira,rio de janeiro,estrutura
CCBJJ-239,6255459.63,4.4,0.1,15.648965341058208,13.8,561,arenoso,tintas,rio de janeiro,acabamento
CCBJJ-240,16411545.64,2.1,0.45,16.61349570847269,11.7,686,rochoso,cimento,belo horizonte,fundação
CCBJJ-240,16411545.64,1.6,0.29,16.61349570847269,12.8,686,rochoso,aço,belo horizonte,estrutura
CCBJJ-240,16411545.64,4.2,0.3,16.61349570847269,6.5,686,rochoso,aço,belo horizonte,acabamento
CCBJJ-241,28750990.21,3.2,0.08,17.174182801482885,5.6,252,siltoso,madeira,belo horizonte,fundação
CCBJJ-241,28750990.21,3.8,0.18,17.174182801482885,2.9,252,siltoso,aço,belo horizonte,estrutura
CCBJJ-241,28750990.21,4.4,0.15,17.174182801482885,6.6,252,siltoso,revestimento,belo horizonte,acabamento
CCBJJ-242,25764229.24,3.9,0.06,17.06449766310953,5.8,737,siltoso,brita,belém,fundação
CCBJJ-242,25764229.24,2.7,0.35,17.06449766310953,8.1,737,siltoso,aço,belém,estrutura
CCBJJ-242,25764229.24,1.6,0.25,17.06449766310953,11.7,737,siltoso,piso,belém,acabamento
CCBJJ-243,27430202.58,1.4,0.41,17.12715528468719,11.7,570,siltoso,areia,belo horizonte,fundação
CCBJJ-243,27430202.58,3.8,0.1,17.12715528468719,12.6,570,siltoso,madeira,belo horizonte,estrutura
CCBJJ-243,27430202.58,3.6,0.27,17.12715528468719,6.3,570,siltoso,piso,belo horizonte,acabamento
CCBJJ-244,11479788.71,1.9,0.28,16.25609863074367,10.4,47,rochoso,madeira,rio de janeiro,fundação
CCBJJ-244,11479788.71,1.8,0.22,16.25609863074367,9.8,47,rochoso,cimento,rio de janeiro,estrutura
CCBJJ-244,11479788.71,3.1,0.3,16.25609863074367,3.6,47,rochoso,tintas,rio de janeiro,acabamento
CCBJJ-245,24145342.11,3.5,0.26,16.99960208758434,3.7,189,siltoso,cimento,belém,fundação
CCBJJ-245,24145342.11,1.0,0.17,16.99960208758434,5.2,189,siltoso,aço,belém,estrutura
CCBJJ-245,24145342.11,3.4,0.07,16.99960208758434,1.9,189,siltoso,aço,belém,acabamento
CCBJJ-246,20668710.92,1.1,0.29,16.84413161331562,11.8,656,siltoso,brita,curitiba,fundação
CCBJJ-246,20668710.92,4.3,0.1,16.84413161331562,12.0,656,siltoso,aço,curitiba,estrutura
CCBJJ-246,20668710.92,4.2,0.25,16.84413161331562,7.6,656,siltoso,revestimento,curitiba,acabamento
CCBJJ-247,6937083.85,3.2,0.2,15.752392193804814,11.6,200,argiloso,cimento,curitiba,fundação
CCBJJ-247,6937083.85,1.4,0.18,15.752392193804814,10.4,200,argiloso,madeira,curitiba,estrutura
CCBJJ-247,6937083.85,1.4,0.33,15.752392193804814,11.4,200,argiloso,aço,curitiba,acabamento
CCBJJ-248,11792877.68,3.2,0.19,16.283006405560528,9.0,553,arenoso,areia,salvador,fundação
CCBJJ-248,11792877.68,3.0,0.11,16.283006405560528,9.8,553,arenoso,cimento,salvador,estrutura
CCBJJ-248,11792877.68,1.4,0.25,16.283006405560528,12.9,553,arenoso,aço,salvador,acabamento
CCBJJ-249,8459351.54,1.4,0.12,15.950783196738795,15.5,183,siltoso,madeira,rio de janeiro,fundação
CCBJJ-249,8459351.54,3.2,0.14,15.950783196738795,0.6,183,siltoso,cimento,rio de janeiro,estrutura
CCBJJ-249,8459351.54,3.7,0.2,15.950783196738795,5.1,183,siltoso,tintas,rio de janeiro,acabamento
CCBJJ-250,22348745.31,3.6,0.37,16.92228078393825,1.5,258,arenoso,areia,rio de janeiro,fundação
CCBJJ-250,22348745.31,2.4,0.36,16.92228078393825,10.1,258,arenoso,madeira,rio de janeiro,estrutura
CCBJJ-250,22348745.31,4.2,0.05,16.92228078393825,2.1,258,arenoso,revestimento,rio de janeiro,acabamento
CCBJJ-251,15371697.4,3.2,0.15,16.548038610385923,11.2,667,siltoso,brita,salvador,fundação
CCBJJ-251,15371697.4,3.2,0.11,16.548038610385923,9.5,667,siltoso,cimento,salvador,estrutura
CCBJJ-251,15371697.4,3.5,0.4,16.548038610385923,13.5,667,siltoso,revestimento,salvador,acabamento
CCBJJ-252,15394355.85,4.2,0.13,16.549511561917246,8.6,136,siltoso,cimento,rio de janeiro,fundação
CCBJJ-252,15394355.85,4.3,0.44,16.549511561917246,2.9,136,siltoso,aço,rio de janeiro,estrutura
CCBJJ-252,15394355.85,3.6,0.42,16.549511561917246,8.5,136,siltoso,revestimento,rio de janeiro,acabamento
CCBJJ-253,14736920.32,2.3,0.44,16.505866557238352,10.8,499,arenoso,madeira,porto alegre,fundação
CCBJJ-253,14736920.32,2.4,0.31,16.505866557238352,12.8,499,arenoso,madeira,porto alegre,estrutura
CCBJJ-253,14736920.32,3.5,0.42,16.505866557238352,6.3,499,arenoso,revestimento,porto alegre,acabamento
CCBJJ-254,26418300.81,4.8,0.23,17.089567578308287,4.7,355,siltoso,cimento,porto alegre,fundação
CCBJJ-254,26418300.81,1.4,0.26,17.089567578308287,9.9,355,siltoso,aço,porto alegre,estrutura
CCBJJ-254,26418300.81,4.2,0.09,17.089567578308287,6.9,355,siltoso,piso,porto alegre,acabamento
CCBJJ-255,16924493.31,2.3,0.38,16.64427249802969,10.2,250,rochoso,brita,salvador,fundação
CCBJJ-255,16924493.31,3.0,0.44,16.64427249802969,4.5,250,rochoso,madeira,salvador,estrutura
CCBJJ-255,16924493.31,4.8,0.15,16.64427249802969,4.3,250,rochoso,tintas,salvador,acabamento
CCBJJ-256,23836878.13,3.5,0.23,16.986744482615585,12.0,126,argiloso,cimento,fortaleza,fundação
CCBJJ-256,23836878.13,3.9,0.07,16.986744482615585,6.5,126,argiloso,aço,fortaleza,estrutura
CCBJJ-256,23836878.13,1.9,0.38,16.986744482615585,9.5,126,argiloso,piso,fortaleza,acabamento
CCBJJ-257,17205736.94,3.2,0.28,16.660753487313976,12.3,626,siltoso,cimento,curitiba,fundação
CCBJJ-257,17205736.94,1.1,0.41,16.660753487313976,17.1,626,siltoso,aço,curitiba,estrutura
CCBJJ-257,17205736.94,3.9,0.43,16.660753487313976,8.0,626,siltoso,aço,curitiba,acabamento
CCBJJ-258,17141049.84,3.6,0.2,16.656986778472778,4.5,60,rochoso,brita,fortaleza,fundação
CCBJJ-258,17141049.84,3.4,0.16,16.656986778472778,4.7,60,rochoso,cimento,fortaleza,estrutura
CCBJJ-258,17141049.84,3.0,0.3,16.656986778472778,3.5,60,rochoso,aço,fortaleza,acabamento
CCBJJ-259,21721840.52,2.3,0.24,16.893828833966392,17.6,593,argiloso,madeira,fortaleza,fundação
CCBJJ-259,21721840.52,3.8,0.13,16.893828833966392,12.5,593,argiloso,cimento,fortaleza,estrutura
CCBJJ-259,21721840.52,2.3,0.45,16.893828833966392,15.2,593,argiloso,aço,fortaleza,acabamento
CCBJJ-260,26012641.58,3.4,0.24,17.07409323087996,6.8,397,arenoso,areia,manaus,fundação
CCBJJ-260,26012641.58,3.8,0.21,17.07409323087996,3.0,397,arenoso,aço,manaus,estrutura
CCBJJ-260,26012641.58,3.1,0.06,17.07409323087996,6.9,397,arenoso,aço,manaus,acabamento
CCBJJ-261,27673221.56,3.8,0.19,17.135975809022177,9.5,572,arenoso,brita,porto alegre,fundação
CCBJJ-261,27673221.56,1.9,0.09,17.135975809022177,15.9,572,arenoso,cimento,porto alegre,estrutura
CCBJJ-261,27673221.56,1.0,0.07,17.135975809022177,11.1,572,arenoso,tintas,porto alegre,acabamento
CCBJJ-262,7098686.55,4.2,0.14,15.77542047281161,7.5,210,argiloso,areia,fortaleza,fundação
CCBJJ-262,7098686.55,2.1,0.42,15.77542047281161,15.4,210,argiloso,cimento,fortaleza,estrutura
CCBJJ-262,7098686.55,3.9,0.43,15.77542047281161,9.4,210,argiloso,tintas,fortaleza,acabamento
CCBJJ-263,26671283.89,3.4,0.07,17.099098072350536,4.2,532,arenoso,cimento,manaus,fundação
CCBJJ-263,26671283.89,3.2,0.26,17.099098072350536,7.5,532,arenoso,cimento,manaus,estrutura
CCBJJ-263,26671283.89,3.6,0.12,17.099098072350536,10.0,532,arenoso,piso,manaus,acabamento
CCBJJ-264,11503907.85,1.1,0.39,16.25819743558056,23.7,568,argiloso,madeira,salvador,fundação
CCBJJ-264,11503907.85,2.4,0.28,16.25819743558056,14.0,568,argiloso,aço,salvador,estrutura
CCBJJ-264,11503907.85,3.2,0.34,16.25819743558056,8.2,568,argiloso,aço,salvador,acabamento
CCBJJ-265,16367483.13,1.1,0.18,16.610807249692513,17.0,694,siltoso,areia,salvador,fundação
CCBJJ-265,16367483.13,1.1,0.14,16.610807249692513,15.5,694,siltoso,madeira,salvador,estrutura
CCBJJ-265,16367483.13,1.4,0.34,16.610807249692513,13.9,694,siltoso,piso,salvador,acabamento
CCBJJ-266,11956415.39,3.3,0.43,16.296778628644695,14.6,748,rochoso,brita,fortaleza,fundação
CCBJJ-266,11956415.39,1.1,0.31,16.296778628644695,11.6,748,rochoso,madeira,fortaleza,estrutura
CCBJJ-266,11956415.39,4.9,0.35,16.296778628644695,14.3,748,rochoso,aço,fortaleza,acabamento
CCBJJ-267,25872772.87,4.8,0.16,17.06870177183901,3.8,41,arenoso,areia,belo horizonte,fundação
CCBJJ-267,25872772.87,4.2,0.36,17.06870177183901,6.0,41,arenoso,madeira,belo horizonte,estrutura
CCBJJ-267,25872772.87,1.0,0.34,17.06870177183901,11.0,41,arenoso,aço,belo horizonte,acabamento
CCBJJ-268,23725606.53,3.7,0.38,16.982065509297843,7.9,133,rochoso,brita,recife,fundação
CCBJJ-268,23725606.53,1.6,0.12,16.982065509297843,9.7,133,rochoso,aço,recife,estrutura
CCBJJ-268,23725606.53,3.1,0.08,16.982065509297843,2.7,133,rochoso,piso,recife,acabamento
CCBJJ-269,10605554.14,2.5,0.43,16.176888491616992,12.1,590,arenoso,madeira,são paulo,fundação
CCBJJ-269,10605554.14,2.1,0.33,16.176888491616992,14.1,590,arenoso,cimento,são paulo,estrutura
CCBJJ-269,10605554.14,4.8,0.41,16.176888491616992,7.4,590,arenoso,revestimento,são paulo,acabamento
CCBJJ-270,23855830.1,4.2,0.16,16.987539235981714,16.4,706,argiloso,brita,rio de janeiro,fundação
CCBJJ-270,23855830.1,1.9,0.07,16.987539235981714,18.7,706,argiloso,madeira,rio de janeiro,estrutura
CCBJJ-270,23855830.1,3.0,0.13,16.987539235981714,8.0,706,argiloso,piso,rio de janeiro,acabamento
CCBJJ-271,25980721.16,4.8,0.36,17.07286536558715,9.3,345,argiloso,areia,porto alegre,fundação
CCBJJ-271,25980721.16,3.6,0.09,17.07286536558715,5.2,345,argiloso,madeira,porto alegre,estrutura
CCBJJ-271,25980721.16,3.4,0.2,17.07286536558715,4.7,345,argiloso,aço,porto alegre,acabamento
CCBJJ-272,10963623.55,3.0,0.14,16.210093491929385,3.9,299,arenoso,cimento,belo horizonte,fundação
CCBJJ-272,10963623.55,2.7,0.08,16.210093491929385,3.5,299,arenoso,cimento,belo horizonte,estrutura
CCBJJ-272,10963623.55,1.1,0.14,16.210093491929385,7.9,299,arenoso,aço,belo horizonte,acabamento
CCBJJ-273,19099239.55,1.0,0.32,16.765159130446232,19.4,578,siltoso,brita,rio de janeiro,fundação
CCBJJ-273,19099239.55,3.2,0.24,16.765159130446232,10.8,578,siltoso,cimento,rio de janeiro,estrutura
CCBJJ-273,19099239.55,2.4,0.37,16.765159130446232,17.0,578,siltoso,piso,rio de janeiro,acabamento
CCBJJ-274,22486624.28,2.7,0.12,16.928431258429903,16.0,489,argiloso,madeira,salvador,fundação
CCBJJ-274,22486624.28,1.0,0.08,16.928431258429903,16.0,489,argiloso,cimento,salvador,estrutura
CCBJJ-274,22486624.28,4.2,0.11,16.928431258429903,9.6,489,argiloso,piso,salvador,acabamento
CCBJJ-275,20147317.31,3.6,0.21,16.818581751147835,9.8,119,argiloso,areia,são paulo,fundação
CCBJJ-275,20147317.31,1.9,0.26,16.818581751147835,13.1,119,argiloso,madeira,são paulo,estrutura
CCBJJ-275,20147317.31,3.2,0.1,16.818581751147835,1.5,119,argiloso,piso,são paulo,acabamento
CCBJJ-276,29118019.33,1.1,0.28,17.186867795808723,8.6,138,arenoso,areia,são paulo,fundação
CCBJJ-276,29118019.33,1.9,0.4,17.186867795808723,8.1,138,arenoso,cimento,são paulo,estrutura
CCBJJ-276,29118019.33,1.9,0.29,17.186867795808723,8.3,138,arenoso,tintas,são paulo,acabamento
CCBJJ-277,28222179.21,2.3,0.29,17.155618759023437,15.9,663,siltoso,areia,porto alegre,fundação
CCBJJ-277,28222179.21,4.4,0.33,17.155618759023437,5.3,663,siltoso,madeira,porto alegre,estrutura
CCBJJ-277,28222179.21,3.6,0.41,17.155618759023437,7.8,663,siltoso,aço,porto alegre,acabamento
CCBJJ-278,14916361.04,3.0,0.32,16.517969291909058,5.7,742,arenoso,areia,rio de janeiro,fundação
CCBJJ-278,14916361.04,1.9,0.16,16.517969291909058,14.0,742,arenoso,aço,rio de janeiro,estrutura
CCBJJ-278,14916361.04,1.9,0.23,16.517969291909058,18.0,742,arenoso,aço,rio de janeiro,acabamento
CCBJJ-279,19802446.53,2.1,0.4,16.801316100651615,17.8,558,arenoso,brita,rio de janeiro,fundação
CCBJJ-279,19802446.53,2.3,0.08,16.801316100651615,16.5,558,arenoso,cimento,rio de janeiro,estrutura
CCBJJ-279,19802446.53,4.9,0.4,16.801316100651615,7.0,558,arenoso,revestimento,rio de janeiro,acabamento
CCBJJ-280,22429825.06,3.4,0.16,16.925902151673633,7.8,233,arenoso,cimento,curitiba,fundação
CCBJJ-280,22429825.06,4.9,0.32,16.925902151673633,2.8,233,arenoso,madeira,curitiba,estrutura
CCBJJ-280,22429825.06,1.4,0.12,16.925902151673633,14.8,233,arenoso,revestimento,curitiba,acabamento
CCBJJ-281,24905680.42,3.2,0.12,17.03060650488615,6.1,382,arenoso,madeira,porto alegre,fundação
CCBJJ-281,24905680.42,4.2,0.07,17.03060650488615,3.4,382,arenoso,aço,porto alegre,estrutura
CCBJJ-281,24905680.42,1.1,0.32,17.03060650488615,9.3,382,arenoso,piso,porto alegre,acabamento
CCBJJ-282,13680094.13,1.9,0.05,16.43145242408187,20.0,728,rochoso,cimento,fortaleza,fundação
CCBJJ-282,13680094.13,1.1,0.14,16.43145242408187,23.2,728,rochoso,cimento,fortaleza,estrutura
CCBJJ-282,13680094.13,3.4,0.44,16.43145242408187,10.1,728,rochoso,aço,fortaleza,acabamento
CCBJJ-283,6723918.41,4.2,0.23,15.721181788013476,3.3,387,arenoso,madeira,salvador,fundação
CCBJJ-283,6723918.41,3.2,0.28,15.721181788013476,5.6,387,arenoso,madeira,salvador,estrutura
CCBJJ-283,6723918.41,3.1,0.17,15.721181788013476,7.1,387,arenoso,revestimento,salvador,acabamento
CCBJJ-284,26239390.67,1.1,0.11,17.0827723384635,12.3,222,arenoso,brita,belo horizonte,fundação
CCBJJ-284,26239390.67,4.2,0.34,17.0827723384635,3.2,222,arenoso,madeira,belo horizonte,estrutura
CCBJJ-284,26239390.67,1.1,0.34,17.0827723384635,13.1,222,arenoso,tintas,belo horizonte,acabamento
CCBJJ-285,15838085.03,3.5,0.26,16.577928105610454,10.5,732,siltoso,brita,salvador,fundação
CCBJJ-285,15838085.03,1.3,0.39,16.577928105610454,17.0,732,siltoso,aço,salvador,estrutura
CCBJJ-285,15838085.03,2.1,0.24,16.577928105610454,18.8,732,siltoso,tintas,salvador,acabamento
CCBJJ-286,22682716.09,1.3,0.41,16.937113830794626,21.4,726,argiloso,brita,fortaleza,fundação
CCBJJ-286,22682716.09,4.2,0.35,16.937113830794626,5.1,726,argiloso,madeira,fortaleza,estrutura
CCBJJ-286,22682716.09,3.0,0.2,16.937113830794626,9.7,726,argiloso,piso,fortaleza,acabamento
CCBJJ-287,23344882.6,2.3,0.07,16.965888400296354,16.4,511,siltoso,cimento,curitiba,fundação
CCBJJ-287,23344882.6,3.0,0.24,16.965888400296354,7.5,511,siltoso,cimento,curitiba,estrutura
CCBJJ-287,23344882.6,3.2,0.2,16.965888400296354,8.1,511,siltoso,tintas,curitiba,acabamento
CCBJJ-288,16621844.29,4.4,0.45,16.626228369507576,4.2,170,rochoso,madeira,porto alegre,fundação
CCBJJ-288,16621844.29,1.9,0.16,16.626228369507576,12.3,170,rochoso,aço,porto alegre,estrutura
CCBJJ-288,16621844.29,4.9,0.25,16.626228369507576,6.2,170,rochoso,aço,porto alegre,acabamento
CCBJJ-289,13057614.57,4.3,0.22,16.384882090105425,8.4,678,arenoso,cimento,rio de janeiro,fundação
CCBJJ-289,13057614.57,1.4,0.07,16.384882090105425,12.9,678,arenoso,aço,rio de janeiro,estrutura
CCBJJ-289,13057614.57,2.1,0.41,16.384882090105425,17.3,678,arenoso,piso,rio de janeiro,acabamento
CCBJJ-290,11973206.23,3.1,0.05,16.298181980659113,15.8,722,argiloso,areia,belo horizonte,fundação
CCBJJ-290,11973206.23,2.4,0.17,16.298181980659113,11.6,722,argiloso,madeira,belo horizonte,estrutura
CCBJJ-290,11973206.23,3.9,0.12,16.298181980659113,11.0,722,argiloso,revestimento,belo horizonte,acabamento
CCBJJ-291,23761907.05,2.3,0.34,16.983594354369114,15.6,496,siltoso,brita,porto alegre,fundação
CCBJJ-291,23761907.05,4.6,0.19,16.983594354369114,11.7,496,siltoso,aço,porto alegre,estrutura
CCBJJ-291,23761907.05,3.3,0.12,16.983594354369114,4.9,496,siltoso,piso,porto alegre,acabamento
CCBJJ-292,13409915.5,3.2,0.33,16.41150502854198,11.0,405,rochoso,areia,belo horizonte,fundação
CCBJJ-292,13409915.5,2.4,0.36,16.41150502854198,16.3,405,rochoso,aço,belo horizonte,estrutura
CCBJJ-292,13409915.5,3.7,0.31,16.41150502854198,9.7,405,rochoso,piso,belo horizonte,acabamento
CCBJJ-293,9545996.43,3.8,0.23,16.07163250732523,6.8,456,rochoso,brita,rio de janeiro,fundação
CCBJJ-293,9545996.43,2.3,0.13,16.07163250732523,14.6,456,rochoso,cimento,rio de janeiro,estrutura
CCBJJ-293,9545996.43,2.3,0.16,16.07163250732523,15.5,456,rochoso,piso,rio de janeiro,acabamento
CCBJJ-294,24945808.92,2.7,0.34,17.0322164269803,6.9,553,rochoso,brita,salvador,fundação
CCBJJ-294,24945808.92,4.4,0.36,17.0322164269803,8.0,553,rochoso,aço,salvador,estrutura
CCBJJ-294,24945808.92,4.8,0.07,17.0322164269803,9.0,553,rochoso,aço,salvador,acabamento
CCBJJ-295,27007999.49,4.2,0.14,17.111643694520595,1.1,368,arenoso,madeira,curitiba,fundação
CCBJJ-295,27007999.49,4.6,0.11,17.111643694520595,1.4,368,arenoso,cimento,curitiba,estrutura
CCBJJ-295,27007999.49,3.5,0.34,17.111643694520595,9.9,368,arenoso,aço,curitiba,acabamento
CCBJJ-296,17915681.29,3.9,0.16,16.701186992841084,3.1,333,arenoso,madeira,rio de janeiro,fundação
CCBJJ-296,17915681.29,3.6,0.35,16.701186992841084,5.8,333,arenoso,madeira,rio de janeiro,estrutura
CCBJJ-296,17915681.29,1.1,0.41,16.701186992841084,13.7,333,arenoso,piso,rio de janeiro,acabamento
CCBJJ-297,11033901.26,4.4,0.38,16.21648311470024,6.7,411,siltoso,madeira,fortaleza,fundação
CCBJJ-297,11033901.26,3.6,0.16,16.21648311470024,5.7,411,siltoso,madeira,fortaleza,estrutura
CCBJJ-297,11033901.26,4.9,0.31,16.21648311470024,10.4,411,siltoso,piso,fortaleza,acabamento
CCBJJ-298,18879405.29,2.3,0.09,16.75358227168294,14.4,193,siltoso,madeira,rio de janeiro,fundação
CCBJJ-298,18879405.29,3.6,0.12,16.75358227168294,4.2,193,siltoso,aço,rio de janeiro,estrutura
CCBJJ-298,18879405.29,4.2,0.4,16.75358227168294,8.3,193,siltoso,aço,rio de janeiro,acabamento
CCBJJ-299,21147572.49,4.4,0.41,16.86703572826953,4.7,145,siltoso,areia,belo horizonte,fundação
CCBJJ-299,21147572.49,3.2,0.05,16.86703572826953,8.3,145,siltoso,cimento,belo horizonte,estrutura
CCBJJ-299,21147572.49,4.2,0.28,16.86703572826953,6.1,145,siltoso,piso,belo horizonte,acabamento
